No,Player Name,Players Index,Index Category,Prize Money Won,Stableford Points Scored,Swindle Finishing Position,Players Previous Index,Total Adjustment,Players New Index,Course Handicap (White),Course Handicap (Yellow)
1,"Chris Powell",,"",0,,,-,0.00,-,-,-
2,"Darren Sunter",,"",0,,,-,0.00,-,-,-
3,"Craig Palmer",,"",0,,,-,0.00,-,-,-
4,"Daljit Basra",,"",0,,,-,0.00,-,-,-
5,"Dan Breeze",6.6,"Cat 3",0,32,,6.6,0.00,6.6,8,6
6,"Daren Davey",5.1,"Cat 3",38,32,,5.1,0.00,5.1,6,5
7,"David Park",3.4,"Cat 2",0,29,,3.4,0.33,3.7,5,3
8,"David Quinlan",10.1,"Cat 4",0,36,,10.1,0.00,10.1,12,10
9,"Duane Hayden",,"",0,,,-,0.00,-,-,-
10,"Gamma Basra",,"",0,,,-,0.00,-,-,-
11,"Ian Hamilton",,"",0,,,-,0.00,-,-,-
12,"James Andrews",-0.4,"Cat 1",23,32,,-0.4,0.00,-0.4,0,-1
13,"James Ellis",4.5,"Cat 2",0,,,4.5,0.00,4.5,6,4
14,"Jamie Dixon",8.2,"Cat 3",0,,,8.2,0.00,8.2,10,8
15,"Jeet Sohal",14.5,"Cat 4",27,36,2,14.5,-0.59,13.9,16,14
16,"Joe Ciampa",6.3,"Cat 3",0,28,,6.3,0.43,6.7,8,6
17,"Johnathan Conlon",0.9,"Cat 2",0,32,,0.9,0.00,0.9,2,0
18,"Josh Eaton",11.3,"Cat 4",14,,,11.3,0.00,11.3,13,11
19,"Josh Kinnear",,"",0,,,-,0.00,-,-,-
20,"Josh Roseberry",,"",0,,,-,0.00,-,-,-
21,"Julian Pennie",6.7,"Cat 3",18,36,3,6.7,-0.34,6.4,8,6
22,"Kamal Dhunna",9.8,"Cat 3",0,34,,9.8,0.00,9.8,12,10
23,"Mark Hickman",11,"Cat 4",0,33,,11.0,0.00,11.0,13,11
24,"Mark Saunders",,"",0,,,-,0.00,-,-,-
25,"Michael Pacekmeyer",,"",0,,,-,0.00,-,-,-
26,"Nick Eaton",,"",0,,,-,0.00,-,-,-
27,"Paul Bentley",9.5,"Cat 3",0,,,9.5,0.00,9.5,11,9
28,"Peter Ramsden",,"",0,,,-,0.00,-,-,-
29,"Rich Moore",10.8,"Cat 4",0,33,,10.8,0.00,10.8,13,11
30,"Ringo Theara",5.4,"Cat 3",0,,,5.4,0.00,5.4,7,5
31,"Robert Brown",10,"Cat 4",0,25,,10.0,0.53,10.5,12,11
32,"Ryan Brown",6.1,"Cat 3",0,26,,6.1,0.42,6.5,8,6
33,"Ryan Conlon",-1.9,"Cat 1",0,34,,-1.9,0.00,-1.9,-2,-3
34,"Sean Casey",8.1,"Cat 3",45,37,1,8.1,-1.52,6.6,8,6
35,"Stephen De Fraine",12.1,"Cat 4",0,29,,12.1,0.58,12.7,15,13
36,"Steve Cornwell",,"",0,,,-,0.00,-,-,-
37,"Stuart Kinge",3.4,"Cat 2",0,,,3.4,0.00,3.4,4,3
38,"Tom McCarthy",13.3,"Cat 4",0,,,13.3,0.00,13.3,16,14
39,"Tony Chapman",,"",0,,,-,0.00,-,-,-
40,"Tony Semple",15.1,"Cat 4",0,34,,15.1,0.00,15.1,18,16
